"","Year","pictures","Best_Picture","Best_Editing","Best_Directing","Best_Actor","Best_Supporting_Actor","Best_Actress","Best_Supporting_Actress","Best_Sound","Best_Song"
"1",1934,"Eskimo","0","1","0","0","0","0","0","0","0"
"2",1934,"It Happened One Night","1","0","1","1","0","1","0","0","0"
"3",1934,"One Night of Love","0","0","0","0","0","0","0","1","0"
"4",1934,"The Gay Divorcee","0","0","0","0","0","0","0","0","1"
"5",1935,"A Midsummer Night's Dream","0","1","0","0","0","0","0","0","0"
"6",1935,"Dangerous","0","0","0","0","0","1","0","0","0"
"7",1935,"Gold Diggers of 1935","0","0","0","0","0","0","0","0","1"
"8",1935,"Mutiny on the Bounty","1","0","0","0","0","0","0","0","0"
"9",1935,"Naughty Marietta","0","0","0","0","0","0","0","1","0"
"10",1935,"The Informer","0","0","1","1","0","0","0","0","0"
"11",1936,"Anthony Adverse","0","1","0","0","0","0","1","0","0"
"12",1936,"Come and Get It","0","0","0","0","1","0","0","0","0"
"13",1936,"Mr. Deeds Goes to Town","0","0","1","0","0","0","0","0","0"
"14",1936,"San Francisco","0","0","0","0","0","0","0","1","0"
"15",1936,"Swing Time","0","0","0","0","0","0","0","0","1"
"16",1936,"The Great Ziegfeld","1","0","0","0","0","1","0","0","0"
"17",1936,"The Story of Louis Pasteur","0","0","0","1","0","0","0","0","0"
"18",1937,"Captains Courageous","0","0","0","1","0","0","0","0","0"
"19",1937,"In Old Chicago","0","0","0","0","0","0","1","0","0"
"20",1937,"Lost Horizon","0","1","0","0","0","0","0","0","0"
"21",1937,"The Awful Truth","0","0","1","0","0","0","0","0","0"
"22",1937,"The Good Earth","0","0","0","0","0","1","0","0","0"
"23",1937,"The Hurricane","0","0","0","0","0","0","0","1","0"
"24",1937,"The Life of Emile Zola","1","0","0","0","1","0","0","0","0"
"25",1937,"Waikiki Wedding","0","0","0","0","0","0","0","0","1"
"26",1938,"Boys Town","0","0","0","1","0","0","0","0","0"
"27",1938,"Jezebel","0","0","0","0","0","1","1","0","0"
"28",1938,"Kentucky","0","0","0","0","1","0","0","0","0"
"29",1938,"The Adventures of Robin Hood","0","1","0","0","0","0","0","0","0"
"30",1938,"The Big Broadcast of 1938","0","0","0","0","0","0","0","0","1"
"31",1938,"The Cowboy and the Lady","0","0","0","0","0","0","0","1","0"
"32",1938,"You Can't Take It with You","1","0","1","0","0","0","0","0","0"
"33",1939,"Gone with the Wind","1","1","1","0","0","1","1","0","0"
"34",1939,"Goodbye, Mr. Chips","0","0","0","1","0","0","0","0","0"
"35",1939,"Stagecoach","0","0","0","0","1","0","0","0","0"
"36",1939,"The Wizard of Oz","0","0","0","0","0","0","0","0","1"
"37",1939,"When Tomorrow Comes","0","0","0","0","0","0","0","1","0"
"38",1940,"Kitty Foyle","0","0","0","0","0","1","0","0","0"
"39",1940,"North West Mounted Police","0","1","0","0","0","0","0","0","0"
"40",1940,"Pinocchio","0","0","0","0","0","0","0","0","1"
"41",1940,"Rebecca","1","0","0","0","0","0","0","0","0"
"42",1940,"Strike Up the Band","0","0","0","0","0","0","0","1","0"
"43",1940,"The Grapes of Wrath","0","0","1","0","0","0","1","0","0"
"44",1940,"The Philadelphia Story","0","0","0","1","0","0","0","0","0"
"45",1940,"The Westerner","0","0","0","0","1","0","0","0","0"
"46",1941,"How Green Was My Valley","1","0","1","0","1","0","0","0","0"
"47",1941,"Lady Be Good","0","0","0","0","0","0","0","0","1"
"48",1941,"Sergeant York","0","1","0","1","0","0","0","0","0"
"49",1941,"Suspicion","0","0","0","0","0","1","0","0","0"
"50",1941,"That Hamilton Woman","0","0","0","0","0","0","0","1","0"
"51",1941,"The Great Lie","0","0","0","0","0","0","1","0","0"
"52",1942,"Holiday Inn","0","0","0","0","0","0","0","0","1"
"53",1942,"Johnny Eager","0","0","0","0","1","0","0","0","0"
"54",1942,"Mrs. Miniver","1","0","1","0","0","1","1","0","0"
"55",1942,"The Pride of the Yankees","0","1","0","0","0","0","0","0","0"
"56",1942,"Yankee Doodle Dandy","0","0","0","1","0","0","0","1","0"
"57",1943,"Air Force","0","1","0","0","0","0","0","0","0"
"58",1943,"Casablanca","1","0","1","0","0","0","0","0","0"
"59",1943,"For Whom the Bell Tolls","0","0","0","0","0","0","1","0","0"
"60",1943,"Hello, Frisco, Hello","0","0","0","0","0","0","0","0","1"
"61",1943,"The More the Merrier","0","0","0","0","1","0","0","0","0"
"62",1943,"The Song of Bernadette","0","0","0","0","0","1","0","0","0"
"63",1943,"This Land Is Mine","0","0","0","0","0","0","0","1","0"
"64",1943,"Watch on the Rhine","0","0","0","1","0","0","0","0","0"
"65",1944,"Gaslight","0","0","0","0","0","1","0","0","0"
"66",1944,"Going My Way","1","0","1","1","1","0","0","0","1"
"67",1944,"None but the Lonely Heart","0","0","0","0","0","0","1","0","0"
"68",1944,"Wilson","0","1","0","0","0","0","0","1","0"
"69",1945,"A Tree Grows in Brooklyn","0","0","0","0","1","0","0","0","0"
"70",1945,"Mildred Pierce","0","0","0","0","0","1","0","0","0"
"71",1945,"National Velvet","0","1","0","0","0","0","1","0","0"
"72",1945,"State Fair","0","0","0","0","0","0","0","0","1"
"73",1945,"The Bells of St. Mary's","0","0","0","0","0","0","0","1","0"
"74",1945,"The Lost Weekend","1","0","1","1","0","0","0","0","0"
"75",1946,"The Best Years of Our Lives","1","1","1","1","1","0","0","0","0"
"76",1946,"The Harvey Girls","0","0","0","0","0","0","0","0","1"
"77",1946,"The Jolson Story","0","0","0","0","0","0","0","1","0"
"78",1946,"The Razor's Edge","0","0","0","0","0","0","1","0","0"
"79",1946,"To Each His Own","0","0","0","0","0","1","0","0","0"
"80",1947,"A Double Life","0","0","0","1","0","0","0","0","0"
"81",1947,"Body and Soul","0","1","0","0","0","0","0","0","0"
"82",1947,"Gentleman's Agreement","1","0","1","0","0","0","1","0","0"
"83",1947,"Miracle on 34th Street","0","0","0","0","1","0","0","0","0"
"84",1947,"Song of the South","0","0","0","0","0","0","0","0","1"
"85",1947,"The Bishop's Wife","0","0","0","0","0","0","0","1","0"
"86",1947,"The Farmer's Daughter","0","0","0","0","0","1","0","0","0"
"87",1948,"Hamlet","1","0","0","1","0","0","0","0","0"
"88",1948,"Johnny Belinda","0","0","0","0","0","1","0","0","0"
"89",1948,"Key Largo","0","0","0","0","0","0","1","0","0"
"90",1948,"The Naked City","0","1","0","0","0","0","0","0","0"
"91",1948,"The Paleface","0","0","0","0","0","0","0","0","1"
"92",1948,"The Snake Pit","0","0","0","0","0","0","0","1","0"
"93",1948,"The Treasure of the Sierra Madre","0","0","1","0","1","0","0","0","0"
"94",1949,"A Letter to Three Wives","0","0","1","0","0","0","0","0","0"
"95",1949,"All the King's Men","1","0","0","1","0","0","1","0","0"
"96",1949,"Champion","0","1","0","0","0","0","0","0","0"
"97",1949,"Neptune's Daughter","0","0","0","0","0","0","0","0","1"
"98",1949,"The Heiress","0","0","0","0","0","1","0","0","0"
"99",1949,"Twelve O'Clock High","0","0","0","0","1","0","0","1","0"
"100",1950,"All about Eve","1","0","1","0","1","0","0","1","0"
"101",1950,"Born Yesterday","0","0","0","0","0","1","0","0","0"
"102",1950,"Captain Carey, U.S.A.","0","0","0","0","0","0","0","0","1"
"103",1950,"Cyrano de Bergerac","0","0","0","1","0","0","0","0","0"
"104",1950,"Harvey","0","0","0","0","0","0","1","0","0"
"105",1950,"King Solomon's Mines","0","1","0","0","0","0","0","0","0"
"106",1951,"A Place in the Sun","0","1","1","0","0","0","0","0","0"
"107",1951,"A Streetcar Named Desire","0","0","0","0","1","1","1","0","0"
"108",1951,"An American in Paris","1","0","0","0","0","0","0","0","0"
"109",1951,"Here Comes the Groom","0","0","0","0","0","0","0","0","1"
"110",1951,"The African Queen","0","0","0","1","0","0","0","0","0"
"111",1951,"The Great Caruso","0","0","0","0","0","0","0","1","0"
"112",1952,"Breaking the Sound Barrier","0","0","0","0","0","0","0","1","0"
"113",1952,"Come Back, Little Sheba","0","0","0","0","0","1","0","0","0"
"114",1952,"High Noon","0","1","0","1","0","0","0","0","1"
"115",1952,"The Bad and the Beautiful","0","0","0","0","0","0","1","0","0"
"116",1952,"The Greatest Show on Earth","1","0","0","0","0","0","0","0","0"
"117",1952,"The Quiet Man","0","0","1","0","0","0","0","0","0"
"118",1952,"Viva Zapata!","0","0","0","0","1","0","0","0","0"
"119",1953,"Calamity Jane","0","0","0","0","0","0","0","0","1"
"120",1953,"From Here to Eternity","1","1","1","0","1","0","1","1","0"
"121",1953,"Roman Holiday","0","0","0","0","0","1","0","0","0"
"122",1953,"Stalag 17","0","0","0","1","0","0","0","0","0"
"123",1954,"On the Waterfront","1","1","1","1","0","0","1","0","0"
"124",1954,"The Barefoot Contessa","0","0","0","0","1","0","0","0","0"
"125",1954,"The Country Girl","0","0","0","0","0","1","0","0","0"
"126",1954,"The Glenn Miller Story","0","0","0","0","0","0","0","1","0"
"127",1954,"Three Coins in the Fountain","0","0","0","0","0","0","0","0","1"
"128",1955,"East of Eden","0","0","0","0","0","0","1","0","0"
"129",1955,"Love Is a Many-Splendored Thing","0","0","0","0","0","0","0","0","1"
"130",1955,"Marty","1","0","1","1","0","0","0","0","0"
"131",1955,"Mister Roberts","0","0","0","0","1","0","0","0","0"
"132",1955,"Oklahoma!","0","0","0","0","0","0","0","1","0"
"133",1955,"Picnic","0","1","0","0","0","0","0","0","0"
"134",1955,"The Rose Tattoo","0","0","0","0","0","1","0","0","0"
"135",1956,"Anastasia","0","0","0","0","0","1","0","0","0"
"136",1956,"Around the World in 80 Days","1","1","0","0","0","0","0","0","0"
"137",1956,"Giant","0","0","1","0","0","0","0","0","0"
"138",1956,"Lust for Life","0","0","0","0","1","0","0","0","0"
"139",1956,"The King and I","0","0","0","1","0","0","0","1","0"
"140",1956,"The Man Who Knew Too Much","0","0","0","0","0","0","0","0","1"
"141",1956,"Written on the Wind","0","0","0","0","0","0","1","0","0"
"142",1957,"Sayonara","0","0","0","0","1","0","1","1","0"
"143",1957,"The Bridge on the River Kwai","1","1","1","1","0","0","0","0","0"
"144",1957,"The Joker Is Wild","0","0","0","0","0","0","0","0","1"
"145",1957,"The Three Faces of Eve","0","0","0","0","0","1","0","0","0"
"146",1958,"Gigi","1","1","1","0","0","0","0","0","1"
"147",1958,"I Want to Live!","0","0","0","0","0","1","0","0","0"
"148",1958,"Separate Tables","0","0","0","1","0","0","1","0","0"
"149",1958,"South Pacific","0","0","0","0","0","0","0","1","0"
"150",1958,"The Big Country","0","0","0","0","1","0","0","0","0"
"151",1959,"A Hole in the Head","0","0","0","0","0","0","0","0","1"
"152",1959,"Ben-Hur","1","1","1","1","1","0","0","1","0"
"153",1959,"Room at the Top","0","0","0","0","0","1","0","0","0"
"154",1959,"The Diary of Anne Frank","0","0","0","0","0","0","1","0","0"
"155",1960,"Butterfield 8","0","0","0","0","0","1","0","0","0"
"156",1960,"Elmer Gantry","0","0","0","1","0","0","1","0","0"
"157",1960,"Never on Sunday","0","0","0","0","0","0","0","0","1"
"158",1960,"Spartacus","0","0","0","0","1","0","0","0","0"
"159",1960,"The Alamo","0","0","0","0","0","0","0","1","0"
"160",1960,"The Apartment","1","1","1","0","0","0","0","0","0"
"161",1961,"Breakfast at Tiffany's","0","0","0","0","0","0","0","0","1"
"162",1961,"Judgment at Nuremberg","0","0","0","1","0","0","0","0","0"
"163",1961,"Two Women","0","0","0","0","0","1","0","0","0"
"164",1961,"West Side Story","1","1","1","0","1","0","1","1","0"
"165",1962,"Days of Wine and Roses","0","0","0","0","0","0","0","0","1"
"166",1962,"Lawrence of Arabia","1","1","1","0","0","0","0","1","0"
"167",1962,"Sweet Bird of Youth","0","0","0","0","1","0","0","0","0"
"168",1962,"The Miracle Worker","0","0","0","0","0","1","1","0","0"
"169",1962,"To Kill a Mockingbird","0","0","0","1","0","0","0","0","0"
"170",1963,"How the West Was Won","0","1","0","0","0","0","0","1","0"
"171",1963,"Hud","0","0","0","0","1","1","0","0","0"
"172",1963,"Lilies of the Field","0","0","0","1","0","0","0","0","0"
"173",1963,"Papa's Delicate Condition","0","0","0","0","0","0","0","0","1"
"174",1963,"The V.I.P.s","0","0","0","0","0","0","1","0","0"
"175",1963,"Tom Jones","1","0","1","0","0","0","0","0","0"
"176",1964,"Mary Poppins","0","1","0","0","0","1","0","0","1"
"177",1964,"My Fair Lady","1","0","1","1","0","0","0","1","0"
"178",1964,"Topkapi","0","0","0","0","1","0","0","0","0"
"179",1964,"Zorba the Greek","0","0","0","0","0","0","1","0","0"
"180",1965,"A Patch of Blue","0","0","0","0","0","0","1","0","0"
"181",1965,"A Thousand Clowns","0","0","0","0","1","0","0","0","0"
"182",1965,"Cat Ballou","0","0","0","1","0","0","0","0","0"
"183",1965,"Darling","0","0","0","0","0","1","0","0","0"
"184",1965,"The Sandpiper","0","0","0","0","0","0","0","0","1"
"185",1965,"The Sound of Music","1","1","1","0","0","0","0","1","0"
"186",1966,"A Man for All Seasons","1","0","1","1","0","0","0","0","0"
"187",1966,"Born Free","0","0","0","0","0","0","0","0","1"
"188",1966,"Grand Prix","0","1","0","0","0","0","0","1","0"
"189",1966,"The Fortune Cookie","0","0","0","0","1","0","0","0","0"
"190",1966,"Who's Afraid of Virginia Woolf?","0","0","0","0","0","1","1","0","0"
"191",1967,"Bonnie and Clyde","0","0","0","0","0","0","1","0","0"
"192",1967,"Cool Hand Luke","0","0","0","0","1","0","0","0","0"
"193",1967,"Doctor Dolittle","0","0","0","0","0","0","0","0","1"
"194",1967,"Guess Who's Coming to Dinner","0","0","0","0","0","1","0","0","0"
"195",1967,"In the Heat of the Night","1","1","0","1","0","0","0","1","0"
"196",1967,"The Graduate","0","0","1","0","0","0","0","0","0"
"197",1968,"Bullitt","0","1","0","0","0","0","0","0","0"
"198",1968,"Charly","0","0","0","1","0","0","0","0","0"
"199",1968,"Oliver!","1","0","1","0","0","0","0","1","0"
"200",1968,"Rosemary's Baby","0","0","0","0","0","0","1","0","0"
"201",1968,"The Lion in Winter","0","0","0","0","0","1","0","0","0"
"202",1968,"The Subject Was Roses","0","0","0","0","1","0","0","0","0"
"203",1968,"The Thomas Crown Affair","0","0","0","0","0","0","0","0","1"
"204",1969,"Butch Cassidy and the Sundance Kid","0","0","0","0","0","0","0","0","1"
"205",1969,"Cactus Flower","0","0","0","0","0","0","1","0","0"
"206",1969,"Hello, Dolly!","0","0","0","0","0","0","0","1","0"
"207",1969,"Midnight Cowboy","1","0","1","0","0","0","0","0","0"
"208",1969,"The Prime of Miss Jean Brodie","0","0","0","0","0","1","0","0","0"
"209",1969,"They Shoot Horses, Don't They?","0","0","0","0","1","0","0","0","0"
"210",1969,"True Grit","0","0","0","1","0","0","0","0","0"
"211",1969,"Z","0","1","0","0","0","0","0","0","0"
"212",1970,"Airport","0","0","0","0","0","0","1","0","0"
"213",1970,"Lovers and Other Strangers","0","0","0","0","0","0","0","0","1"
"214",1970,"Patton","1","1","1","1","0","0","0","1","0"
"215",1970,"Ryan's Daughter","0","0","0","0","1","0","0","0","0"
"216",1970,"Women in Love","0","0","0","0","0","1","0","0","0"
"217",1971,"Fiddler on the Roof","0","0","0","0","0","0","0","1","0"
"218",1971,"Klute","0","0","0","0","0","1","0","0","0"
"219",1971,"Shaft","0","0","0","0","0","0","0","0","1"
"220",1971,"The French Connection","1","1","1","1","0","0","0","0","0"
"221",1971,"The Last Picture Show","0","0","0","0","1","0","1","0","0"
"222",1972,"Butterflies Are Free","0","0","0","0","0","0","1","0","0"
"223",1972,"Cabaret","0","1","1","0","1","1","0","1","0"
"224",1972,"The Godfather","1","0","0","1","0","0","0","0","0"
"225",1972,"The Poseidon Adventure","0","0","0","0","0","0","0","0","1"
"226",1973,"A Touch of Class","0","0","0","0","0","1","0","0","0"
"227",1973,"Paper Moon","0","0","0","0","0","0","1","0","0"
"228",1973,"Save the Tiger","0","0","0","1","0","0","0","0","0"
"229",1973,"The Exorcist","0","0","0","0","0","0","0","1","0"
"230",1973,"The Paper Chase","0","0","0","0","1","0","0","0","0"
"231",1973,"The Sting","1","1","1","0","0","0","0","0","0"
"232",1973,"The Way We Were","0","0","0","0","0","0","0","0","1"
"233",1974,"Alice Doesn't Live Here Anymore","0","0","0","0","0","1","0","0","0"
"234",1974,"Earthquake","0","0","0","0","0","0","0","1","0"
"235",1974,"Harry and Tonto","0","0","0","1","0","0","0","0","0"
"236",1974,"Murder on the Orient Express","0","0","0","0","0","0","1","0","0"
"237",1974,"The Godfather Part II","1","0","1","0","1","0","0","0","0"
"238",1974,"The Towering Inferno","0","1","0","0","0","0","0","0","1"
"239",1975,"Jaws","0","1","0","0","0","0","0","1","0"
"240",1975,"Nashville","0","0","0","0","0","0","0","0","1"
"241",1975,"One Flew over the Cuckoo's Nest","1","0","1","1","0","1","0","0","0"
"242",1975,"Shampoo","0","0","0","0","0","0","1","0","0"
"243",1975,"The Sunshine Boys","0","0","0","0","1","0","0","0","0"
"244",1976,"A Star Is Born","0","0","0","0","0","0","0","0","1"
"245",1976,"All the President's Men","0","0","0","0","1","0","0","1","0"
"246",1976,"Network","0","0","0","1","0","1","1","0","0"
"247",1976,"Rocky","1","1","1","0","0","0","0","0","0"
"248",1977,"Annie Hall","1","0","1","0","0","1","0","0","0"
"249",1977,"Julia","0","0","0","0","1","0","1","0","0"
"250",1977,"Star Wars","0","1","0","0","0","0","0","1","0"
"251",1977,"The Goodbye Girl","0","0","0","1","0","0","0","0","0"
"252",1977,"You Light Up My Life","0","0","0","0","0","0","0","0","1"
"253",1978,"California Suite","0","0","0","0","0","0","1","0","0"
"254",1978,"Coming Home","0","0","0","1","0","1","0","0","0"
"255",1978,"Thank God It's Friday","0","0","0","0","0","0","0","0","1"
"256",1978,"The Deer Hunter","1","1","1","0","1","0","0","1","0"
"257",1979,"All That Jazz","0","1","0","0","0","0","0","0","0"
"258",1979,"Apocalypse Now","0","0","0","0","0","0","0","1","0"
"259",1979,"Being There","0","0","0","0","1","0","0","0","0"
"260",1979,"Kramer vs. Kramer","1","0","1","1","0","0","1","0","0"
"261",1979,"Norma Rae","0","0","0","0","0","1","0","0","1"
"262",1980,"Coal Miner's Daughter","0","0","0","0","0","1","0","0","0"
"263",1980,"Fame","0","0","0","0","0","0","0","0","1"
"264",1980,"Melvin and Howard","0","0","0","0","0","0","1","0","0"
"265",1980,"Ordinary People","1","0","1","0","1","0","0","0","0"
"266",1980,"Raging Bull","0","1","0","1","0","0","0","0","0"
"267",1980,"The Empire Strikes Back","0","0","0","0","0","0","0","1","0"
"268",1981,"Arthur","0","0","0","0","1","0","0","0","1"
"269",1981,"Chariots of Fire","1","0","0","0","0","0","0","0","0"
"270",1981,"On Golden Pond","0","0","0","1","0","1","0","0","0"
"271",1981,"Raiders of the Lost Ark","0","1","0","0","0","0","0","1","0"
"272",1981,"Reds","0","0","1","0","0","0","1","0","0"
"273",1982,"An Officer and a Gentleman","0","0","0","0","1","0","0","0","1"
"274",1982,"E.T. The Extra-Terrestrial","0","0","0","0","0","0","0","1","0"
"275",1982,"Gandhi","1","1","1","1","0","0","0","0","0"
"276",1982,"Sophie's Choice","0","0","0","0","0","1","0","0","0"
"277",1982,"Tootsie","0","0","0","0","0","0","1","0","0"
"278",1983,"Flashdance","0","0","0","0","0","0","0","0","1"
"279",1983,"Tender Mercies","0","0","0","1","0","0","0","0","0"
"280",1983,"Terms of Endearment","1","0","1","0","1","1","0","0","0"
"281",1983,"The Right Stuff","0","1","0","0","0","0","0","1","0"
"282",1983,"The Year of Living Dangerously","0","0","0","0","0","0","1","0","0"
"283",1984,"A Passage to India","0","0","0","0","0","0","1","0","0"
"284",1984,"Amadeus","1","0","1","1","0","0","0","1","0"
"285",1984,"Places in the Heart","0","0","0","0","0","1","0","0","0"
"286",1984,"The Killing Fields","0","1","0","0","1","0","0","0","0"
"287",1984,"The Woman in Red","0","0","0","0","0","0","0","0","1"
"288",1985,"Cocoon","0","0","0","0","1","0","0","0","0"
"289",1985,"Kiss of the Spider Woman","0","0","0","1","0","0","0","0","0"
"290",1985,"Out of Africa","1","0","1","0","0","0","0","1","0"
"291",1985,"Prizzi's Honor","0","0","0","0","0","0","1","0","0"
"292",1985,"The Trip to Bountiful","0","0","0","0","0","1","0","0","0"
"293",1985,"White Nights","0","0","0","0","0","0","0","0","1"
"294",1985,"Witness","0","1","0","0","0","0","0","0","0"
"295",1986,"Children of a Lesser God","0","0","0","0","0","1","0","0","0"
"296",1986,"Hannah and Her Sisters","0","0","0","0","1","0","1","0","0"
"297",1986,"Platoon","1","1","1","0","0","0","0","1","0"
"298",1986,"The Color of Money","0","0","0","1","0","0","0","0","0"
"299",1986,"Top Gun","0","0","0","0","0","0","0","0","1"
"300",1987,"Dirty Dancing","0","0","0","0","0","0","0","0","1"
"301",1987,"Moonstruck","0","0","0","0","0","1","1","0","0"
"302",1987,"The Last Emperor","1","1","1","0","0","0","0","1","0"
"303",1987,"The Untouchables","0","0","0","0","1","0","0","0","0"
"304",1987,"Wall Street","0","0","0","1","0","0","0","0","0"
"305",1988,"A Fish Called Wanda","0","0","0","0","1","0","0","0","0"
"306",1988,"Bird","0","0","0","0","0","0","0","1","0"
"307",1988,"Rain Man","1","0","1","1","0","0","0","0","0"
"308",1988,"The Accidental Tourist","0","0","0","0","0","0","1","0","0"
"309",1988,"The Accused","0","0","0","0","0","1","0","0","0"
"310",1988,"Who Framed Roger Rabbit","0","1","0","0","0","0","0","0","0"
"311",1988,"Working Girl","0","0","0","0","0","0","0","0","1"
"312",1989,"Born on the Fourth of July","0","1","1","0","0","0","0","0","0"
"313",1989,"Driving Miss Daisy","1","0","0","0","0","1","0","0","0"
"314",1989,"Glory","0","0","0","0","1","0","0","1","0"
"315",1989,"My Left Foot","0","0","0","1","0","0","1","0","0"
"316",1989,"The Little Mermaid","0","0","0","0","0","0","0","0","1"
"317",1990,"Dances With Wolves","1","1","1","0","0","0","0","1","0"
"318",1990,"Dick Tracy","0","0","0","0","0","0","0","0","1"
"319",1990,"Ghost","0","0","0","0","0","0","1","0","0"
"320",1990,"Good Fellas","0","0","0","0","1","0","0","0","0"
"321",1990,"Misery","0","0","0","0","0","1","0","0","0"
"322",1990,"Reversal of Fortune","0","0","0","1","0","0","0","0","0"
"323",1991,"Beauty and the Beast","0","0","0","0","0","0","0","0","1"
"324",1991,"City Slickers","0","0","0","0","1","0","0","0","0"
"325",1991,"JFK","0","1","0","0","0","0","0","0","0"
"326",1991,"Terminator 2: Judgment Day","0","0","0","0","0","0","0","1","0"
"327",1991,"The Fisher King","0","0","0","0","0","0","1","0","0"
"328",1991,"The Silence of the Lambs","1","0","1","1","0","1","0","0","0"
"329",1992,"Aladdin","0","0","0","0","0","0","0","0","1"
"330",1992,"Howards End","0","0","0","0","0","1","0","0","0"
"331",1992,"My Cousin Vinny","0","0","0","0","0","0","1","0","0"
"332",1992,"Scent of a Woman","0","0","0","1","0","0","0","0","0"
"333",1992,"The Last of the Mohicans","0","0","0","0","0","0","0","1","0"
"334",1992,"Unforgiven","1","1","1","0","1","0","0","0","0"
"335",1993,"Jurassic Park","0","0","0","0","0","0","0","1","0"
"336",1993,"Philadelphia","0","0","0","1","0","0","0","0","1"
"337",1993,"Schindler's List","1","1","1","0","0","0","0","0","0"
"338",1993,"The Fugitive","0","0","0","0","1","0","0","0","0"
"339",1993,"The Piano","0","0","0","0","0","1","1","0","0"
"340",1994,"Blue Sky","0","0","0","0","0","1","0","0","0"
"341",1994,"Bullets over Broadway","0","0","0","0","0","0","1","0","0"
"342",1994,"Ed Wood","0","0","0","0","1","0","0","0","0"
"343",1994,"Forrest Gump","1","1","1","1","0","0","0","0","0"
"344",1994,"Speed","0","0","0","0","0","0","0","1","0"
"345",1994,"The Lion King","0","0","0","0","0","0","0","0","1"
"346",1995,"Apollo 13","0","1","0","0","0","0","0","1","0"
"347",1995,"Braveheart","1","0","1","0","0","0","0","0","0"
"348",1995,"Dead Man Walking","0","0","0","0","0","1","0","0","0"
"349",1995,"Leaving Las Vegas","0","0","0","1","0","0","0","0","0"
"350",1995,"Mighty Aphrodite","0","0","0","0","0","0","1","0","0"
"351",1995,"Pocahontas","0","0","0","0","0","0","0","0","1"
"352",1995,"The Usual Suspects","0","0","0","0","1","0","0","0","0"
"353",1996,"Evita","0","0","0","0","0","0","0","0","1"
"354",1996,"Fargo","0","0","0","0","0","1","0","0","0"
"355",1996,"Jerry Maguire","0","0","0","0","1","0","0","0","0"
"356",1996,"Shine","0","0","0","1","0","0","0","0","0"
"357",1996,"The English Patient","1","1","1","0","0","0","1","1","0"
"358",1997,"As Good as It Gets","0","0","0","1","0","1","0","0","0"
"359",1997,"Good Will Hunting","0","0","0","0","1","0","0","0","0"
"360",1997,"L.A. Confidential","0","0","0","0","0","0","1","0","0"
"361",1997,"Titanic","1","1","1","0","0","0","0","1","1"
"362",1998,"Affliction","0","0","0","0","1","0","0","0","0"
"363",1998,"Life Is Beautiful","0","0","0","1","0","0","0","0","0"
"364",1998,"Saving Private Ryan","0","1","1","0","0","0","0","1","0"
"365",1998,"Shakespeare in Love","1","0","0","0","0","1","1","0","0"
"366",1998,"The Prince of Egypt","0","0","0","0","0","0","0","0","1"
"367",1999,"American Beauty","1","0","1","1","0","0","0","0","0"
"368",1999,"Boys Don't Cry","0","0","0","0","0","1","0","0","0"
"369",1999,"Girl, Interrupted","0","0","0","0","0","0","1","0","0"
"370",1999,"Tarzan","0","0","0","0","0","0","0","0","1"
"371",1999,"The Cider House Rules","0","0","0","0","1","0","0","0","0"
"372",1999,"The Matrix","0","1","0","0","0","0","0","1","0"
"373",2000,"Erin Brockovich","0","0","0","0","0","1","0","0","0"
"374",2000,"Gladiator","1","0","0","1","0","0","0","1","0"
"375",2000,"Pollock","0","0","0","0","0","0","1","0","0"
"376",2000,"Traffic","0","1","1","0","1","0","0","0","0"
"377",2000,"Wonder Boys","0","0","0","0","0","0","0","0","1"
"378",2001,"A Beautiful Mind","1","0","1","0","0","0","1","0","0"
"379",2001,"Black Hawk Down","0","1","0","0","0","0","0","1","0"
"380",2001,"Iris","0","0","0","0","1","0","0","0","0"
"381",2001,"Monster's Ball","0","0","0","0","0","1","0","0","0"
"382",2001,"Monsters, Inc.","0","0","0","0","0","0","0","0","1"
"383",2001,"Training Day","0","0","0","1","0","0","0","0","0"
"384",2002,"8 Mile","0","0","0","0","0","0","0","0","1"
"385",2002,"Adaptation","0","0","0","0","1","0","0","0","0"
"386",2002,"Chicago","1","1","0","0","0","0","1","1","0"
"387",2002,"The Hours","0","0","0","0","0","1","0","0","0"
"388",2002,"The Pianist","0","0","1","1","0","0","0","0","0"
"389",2003,"Cold Mountain","0","0","0","0","0","0","1","0","0"
"390",2003,"Monster","0","0","0","0","0","1","0","0","0"
"391",2003,"Mystic River","0","0","0","1","1","0","0","0","0"
"392",2003,"The Lord of the Rings: The Return of the King","1","1","1","0","0","0","0","1","1"
"393",2004,"Million Dollar Baby","1","0","1","0","1","1","0","0","0"
"394",2004,"Ray","0","0","0","1","0","0","0","1","0"
"395",2004,"The Aviator","0","1","0","0","0","0","1","0","0"
"396",2004,"The Motorcycle Diaries","0","0","0","0","0","0","0","0","1"
"397",2005,"Brokeback Mountain","0","0","1","0","0","0","0","0","0"
"398",2005,"Capote","0","0","0","1","0","0","0","0","0"
"399",2005,"Crash","1","1","0","0","0","0","0","0","0"
"400",2005,"Hustle & Flow","0","0","0","0","0","0","0","0","1"
"401",2005,"King Kong","0","0","0","0","0","0","0","1","0"
"402",2005,"Syriana","0","0","0","0","1","0","0","0","0"
"403",2005,"The Constant Gardener","0","0","0","0","0","0","1","0","0"
"404",2005,"Walk the Line","0","0","0","0","0","1","0","0","0"
"405",2006,"An Inconvenient Truth","0","0","0","0","0","0","0","0","1"
"406",2006,"Dreamgirls","0","0","0","0","0","0","1","1","0"
"407",2006,"Little Miss Sunshine","0","0","0","0","1","0","0","0","0"
"408",2006,"The Departed","1","1","1","0","0","0","0","0","0"
"409",2006,"The Last King of Scotland","0","0","0","1","0","0","0","0","0"
"410",2006,"The Queen","0","0","0","0","0","1","0","0","0"
"411",2007,"La Vie en Rose","0","0","0","0","0","1","0","0","0"
"412",2007,"Michael Clayton","0","0","0","0","0","0","1","0","0"
"413",2007,"No Country for Old Men","1","0","1","0","1","0","0","0","0"
"414",2007,"Once","0","0","0","0","0","0","0","0","1"
"415",2007,"The Bourne Ultimatum","0","1","0","0","0","0","0","1","0"
"416",2007,"There Will Be Blood","0","0","0","1","0","0","0","0","0"
"417",2008,"Milk","0","0","0","1","0","0","0","0","0"
"418",2008,"Slumdog Millionaire","1","1","1","0","0","0","0","1","1"
"419",2008,"The Dark Knight","0","0","0","0","1","0","0","0","0"
"420",2008,"The Reader","0","0","0","0","0","1","0","0","0"
"421",2008,"Vicky Cristina Barcelona","0","0","0","0","0","0","1","0","0"
"422",2009,"Crazy Heart","0","0","0","1","0","0","0","0","1"
"423",2009,"Inglourious Basterds","0","0","0","0","1","0","0","0","0"
"424",2009,"Precious: Based on the Novel 'Push' by Sapphire","0","0","0","0","0","0","1","0","0"
"425",2009,"The Blind Side","0","0","0","0","0","1","0","0","0"
"426",2009,"The Hurt Locker","1","1","1","0","0","0","0","1","0"
"427",2010,"Black Swan","0","0","0","0","0","1","0","0","0"
"428",2010,"Inception","0","0","0","0","0","0","0","1","0"
"429",2010,"The Fighter","0","0","0","0","1","0","1","0","0"
"430",2010,"The King's Speech","1","0","1","1","0","0","0","0","0"
"431",2010,"The Social Network","0","1","0","0","0","0","0","0","0"
"432",2010,"Toy Story 3","0","0","0","0","0","0","0","0","1"
"433",2011,"Beginners","0","0","0","0","1","0","0","0","0"
"434",2011,"Hugo","0","0","0","0","0","0","0","1","0"
"435",2011,"The Artist","1","0","1","1","0","0","0","0","0"
"436",2011,"The Girl with the Dragon Tattoo","0","1","0","0","0","0","0","0","0"
"437",2011,"The Help","0","0","0","0","0","0","1","0","0"
"438",2011,"The Iron Lady","0","0","0","0","0","1","0","0","0"
"439",2011,"The Muppets","0","0","0","0","0","0","0","0","1"
"440",2012,"Argo","1","1","0","0","0","0","0","0","0"
"441",2012,"Django Unchained","0","0","0","0","1","0","0","0","0"
"442",2012,"Les Misérables","0","0","0","0","0","0","1","1","0"
"443",2012,"Life of Pi","0","0","1","0","0","0","0","0","0"
"444",2012,"Lincoln","0","0","0","1","0","0","0","0","0"
"445",2012,"Silver Linings Playbook","0","0","0","0","0","1","0","0","0"
"446",2012,"Skyfall","0","0","0","0","0","0","0","0","1"
"447",2013,"12 Years a Slave","1","0","0","0","0","0","1","0","0"
"448",2013,"Blue Jasmine","0","0","0","0","0","1","0","0","0"
"449",2013,"Dallas Buyers Club","0","0","0","1","1","0","0","0","0"
"450",2013,"Frozen","0","0","0","0","0","0","0","0","1"
"451",2013,"Gravity","0","1","1","0","0","0","0","1","0"
"452",2014,"Birdman or (The Unexpected Virtue of Ignorance)","1","0","1","0","0","0","0","0","0"
"453",2014,"Boyhood","0","0","0","0","0","0","1","0","0"
"454",2014,"Selma","0","0","0","0","0","0","0","0","1"
"455",2014,"Still Alice","0","0","0","0","0","1","0","0","0"
"456",2014,"The Theory of Everything","0","0","0","1","0","0","0","0","0"
"457",2014,"Whiplash","0","1","0","0","1","0","0","1","0"
